[{"assetType":"Alias","assetObject":{"name":"bffBackendUrl","id":"e5a823b6-4ff0-4386-be75-9df26e9f9ce8","status":"Success","explanation":"OK","warning":false}},{"assetType":"PolicyAction","assetObject":{"name":"Policy Action [Enable HTTP / HTTPS] -> Policy For API BackendForFrontedAPI[1.0.0]","id":"b5a5b6da-7339-415f-85e7-8f44f505d26e","status":"Success","explanation":"OK","warning":false}},{"assetType":"API","assetObject":{"name":"BackendForFrontedAPI[1.0.0]","id":"49d2be7a-e186-457e-8d84-540e18062484","status":"Success","explanation":"OK","warning":false}},{"assetType":"PassmanData","assetObject":{"name":"HTTP_AUTH_OUTBOUND_CLIENT_PWDbffBackendCredentials","id":"HTTP_AUTH_OUTBOUND_CLIENT_PWDbffBackendCredentials","status":"Success","explanation":"OK","warning":false}},{"assetType":"PolicyAction","assetObject":{"name":"Policy Action [Set Media Type] -> Policy For API BackendForFrontedAPI[1.0.0]","id":"8c7e106d-8ee4-45d1-aad7-edf1c4f08cf6","status":"Success","explanation":"OK","warning":false}},{"assetType":"Policy","assetObject":{"name":"Policy For API BackendForFrontedAPI[1.0.0]","id":"d64d1c71-565c-42f4-9825-0a44aa8d0a5f","status":"Success","explanation":"OK","warning":false}},{"assetType":"PolicyAction","assetObject":{"name":"Policy Action [Validate API Specification] -> Policy For API BackendForFrontedAPI[1.0.0]","id":"c521646c-55fd-4c9d-8084-f7a6ff5543c7","status":"Success","explanation":"OK","warning":false}},{"assetType":"PolicyAction","assetObject":{"name":"Policy Action [Straight Through Routing] -> Policy For API BackendForFrontedAPI[1.0.0]","id":"c0827bb5-07fa-41a1-8485-a4c357be2014","status":"Success","explanation":"OK","warning":false}},{"assetType":"Alias","assetObject":{"name":"bffBackendCredentials","id":"19b7e295-b1bf-4dc9-ae86-43920921f431","status":"Success","explanation":"OK","warning":false}},{"assetType":"PolicyAction","assetObject":{"name":"Policy Action [Outbound Auth - Transport] -> Policy For API BackendForFrontedAPI[1.0.0]","id":"4691271b-bf9f-4549-807a-28091892eb41","status":"Success","explanation":"OK","warning":false}}]